{"cameraMode":{"drawMode":0,"name":"Shaded","section":"Shading Mode"},"sceneLighting":false,"audioPlay":false,"sceneViewState":{"showFog":true,"showMaterialUpdate":false,"showSkybox":true,"showFlares":true,"showImageEffects":true,"showParticleSystems":true},"in2DMode":false,"pivot":{"x":395.0814208984375,"y":101.00973510742188,"z":-44.761688232421878},"rotation":{"x":-0.05196000263094902,"y":-0.02486325427889824,"z":0.00129411939997226,"w":-0.9983388185501099},"size":437.27685546875,"orthographic":false}