{"cameraMode":{"drawMode":0,"name":"Shaded","section":"Shading Mode"},"sceneLighting":false,"audioPlay":false,"sceneViewState":{"showFog":true,"showMaterialUpdate":false,"showSkybox":true,"showFlares":true,"showImageEffects":true,"showParticleSystems":true},"in2DMode":false,"pivot":{"x":-21.987998962402345,"y":1.9862054586410523,"z":-14.520000457763672},"rotation":{"x":-0.032451387494802478,"y":0.0941254124045372,"z":0.0030695167370140554,"w":0.9950265884399414},"size":35.664878845214847,"orthographic":false}