{"cameraMode":{"drawMode":0,"name":"Shaded","section":"Shading Mode"},"sceneLighting":false,"audioPlay":false,"sceneViewState":{"showFog":true,"showMaterialUpdate":false,"showSkybox":true,"showFlares":true,"showImageEffects":true,"showParticleSystems":true},"in2DMode":false,"pivot":{"x":-40.209999084472659,"y":1.5862054824829102,"z":-15.244590759277344},"rotation":{"x":0.2897738814353943,"y":0.2004948854446411,"z":-0.06221769005060196,"w":0.9337890148162842},"size":23.794965744018556,"orthographic":false}