{"cameraMode":{"drawMode":0,"name":"Shaded","section":"Shading Mode"},"sceneLighting":false,"audioPlay":false,"sceneViewState":{"showFog":true,"showMaterialUpdate":false,"showSkybox":true,"showFlares":true,"showImageEffects":true,"showParticleSystems":true},"in2DMode":false,"pivot":{"x":-4.218888282775879,"y":-3.9840049743652345,"z":7.969742774963379},"rotation":{"x":0.24964015185832978,"y":0.3206821084022522,"z":-0.08802610635757446,"w":0.9094471335411072},"size":20.475961685180665,"orthographic":false}